user;assistant
Hello!;Hi there! How can I assist you today?
Tell me about the Polytechnic Institute of Bragança;The Polytechnic Institute of Bragança (IPB) is a Portuguese higher education institution located in the northeast of Portugal. It offers a wide range of undergraduate and graduate degrees across multiple fields, including engineering, management, and health sciences. IPB is known for its international partnerships, research initiatives, and focus on practical education.
What is CeDRI?;CeDRI, or the Research Centre in Digitalization and Intelligent Robotics, is a research unit based at the Polytechnic Institute of Bragança. Its mission is to advance knowledge and innovation in fields such as robotics, digital transformation, and artificial intelligence. The center is involved in numerous projects that aim to promote technological advancements and societal impact through interdisciplinary research.
Who is Dr. Professor Paulo Leitão?;Dr. Professor Paulo Leitão is a renowned researcher and academic affiliated with the Polytechnic Institute of Bragança. He is a leading figure in the field of intelligent manufacturing systems, industrial informatics, and cyber-physical systems. Dr. Leitão has contributed significantly to research in areas such as multi-agent systems and Industry 4.0, and he plays an active role in CeDRI.
What are some of the key areas of research at CeDRI?;CeDRI focuses on several key areas of research, including intelligent robotics, artificial intelligence, digitalization of industrial processes, and advanced manufacturing. The center works on developing innovative solutions to improve automation, decision-making, and efficiency in various industries. Other important topics include smart systems, big data, and machine learning applications.
What degrees are offered by the Polytechnic Institute of Bragança?;The Polytechnic Institute of Bragança offers a wide array of undergraduate and graduate programs. Some of the areas include engineering (e.g., mechanical, electrical, informatics), management, agriculture, health, and social sciences. The institute is particularly well-regarded for its engineering and technological programs.
How does CeDRI collaborate with other institutions?;CeDRI collaborates with universities, research centers, and industry partners both nationally and internationally. These collaborations aim to promote knowledge exchange, joint research projects, and technological innovations. CeDRI also participates in European research projects and networks, helping to advance research in robotics and digitalization.
What is the international reputation of IPB?;The Polytechnic Institute of Bragança has a strong international presence, attracting students and faculty from all over the world. IPB is known for its Erasmus+ partnerships, research collaborations, and student exchange programs, which contribute to its reputation as a dynamic and globally connected institution.
What is Dr. Paulo Leitão's research focus?;Dr. Paulo Leitão's research focuses on intelligent systems, multi-agent systems, and Industry 4.0 technologies. He is particularly interested in developing solutions for cyber-physical production systems, smart factories, and distributed control architectures. His work contributes to the integration of artificial intelligence and robotics into industrial processes, making them more autonomous and efficient.
Can you give me an overview of the Polytechnic Institute of Bragança?;The Polytechnic Institute of Bragança (IPB) is a leading Portuguese higher education institution located in the northeast of the country. It offers diverse programs, including undergraduate and postgraduate degrees in fields like engineering, management, agriculture, and health sciences. Known for its applied approach, IPB is highly regarded for its international collaborations and strong research initiatives.
What kind of institution is IPB?;The Polytechnic Institute of Bragança (IPB) is a public polytechnic institute in Portugal. It focuses on providing practical, hands-on education in various fields, including engineering, business, health, and social sciences. IPB is recognized for its research activities and international student exchange programs.
Can you tell me about CeDRI?;The Research Centre in Digitalization and Intelligent Robotics (CeDRI) is a prominent research unit within the Polytechnic Institute of Bragança. CeDRI's mission is to contribute to technological innovation by conducting research in fields like robotics, artificial intelligence, digital transformation, and intelligent systems. The center collaborates extensively with academia and industry.
What does CeDRI specialize in?;CeDRI specializes in digitalization, intelligent robotics, and the application of AI in industrial processes. Its key research areas include the development of smart systems, automation technologies, and Industry 4.0 solutions aimed at improving efficiency and decision-making in various sectors. CeDRI is committed to promoting digital transformation and innovation.
Who is Professor Paulo Leitão and what is his role?;Dr. Professor Paulo Leitão is a distinguished academic and researcher at the Polytechnic Institute of Bragança. He is one of the key figures at CeDRI, specializing in intelligent manufacturing systems, multi-agent systems, and cyber-physical systems. His research has a strong focus on Industry 4.0 and the use of AI and robotics to enhance industrial processes.
What are Professor Paulo Leitão's contributions to research?;Dr. Paulo Leitão has made significant contributions to the fields of multi-agent systems, intelligent manufacturing, and cyber-physical systems. He is well known for his work on distributed control systems and industrial automation, particularly in the context of Industry 4.0. His research has influenced how AI and robotics are integrated into modern manufacturing.
Can you explain what CeDRI does in simple terms?;CeDRI, or the Research Centre in Digitalization and Intelligent Robotics, focuses on making machines and processes smarter by using robots and artificial intelligence. It aims to improve how industries work by automating tasks, making decisions faster, and helping companies move into the digital age.
How does CeDRI's research benefit industries?;CeDRI's research helps industries by developing innovative solutions in robotics, automation, and digital transformation. By applying AI and intelligent systems, CeDRI enables industries to optimize production processes, reduce costs, and improve efficiency. Its work is particularly relevant for companies seeking to adopt Industry 4.0 practices.
Does IPB have international partnerships?;Yes, the Polytechnic Institute of Bragança has many international partnerships, particularly through the Erasmus+ program and other student and faculty exchange initiatives. IPB collaborates with universities and research institutions worldwide, allowing for joint research projects, exchange programs, and a culturally diverse learning environment.
What are the research areas at CeDRI?;CeDRI focuses on several important research areas, including intelligent robotics, AI-driven automation, digitalization of industrial systems, and advanced manufacturing technologies. The center also explores the use of machine learning and data analytics to create smarter systems capable of autonomous decision-making.
How does Dr. Paulo Leitão's work impact modern manufacturing?;Dr. Paulo Leitão's work in multi-agent systems and cyber-physical systems plays a vital role in modernizing manufacturing. His research enables factories to become more intelligent and autonomous by incorporating AI and robotics, which improves productivity, flexibility, and scalability in industrial operations.
What is the Polytechnic Institute of Bragança known for?;The Polytechnic Institute of Bragança is best known for its strong focus on applied sciences, particularly in the areas of engineering, agriculture, and management. It is also recognized for its international outreach, research centers like CeDRI, and its ability to prepare students for real-world challenges through practical education.
What does the acronym CeDRI stand for?;CeDRI stands for the Research Centre in Digitalization and Intelligent Robotics. It is a research unit within the Polytechnic Institute of Bragança that focuses on innovation in robotics, artificial intelligence, and digital transformation of industries.
What impact does CeDRI have on the academic community?;CeDRI significantly contributes to the academic community by producing cutting-edge research in robotics, digitalization, and AI. It provides opportunities for collaboration between academics and industries, supports PhD and master's students, and advances knowledge in intelligent systems and automation.
Who is involved in CeDRI's research?;CeDRI's research team includes academics, researchers, and experts in fields like robotics, artificial intelligence, and industrial automation. Key figures, such as Dr. Paulo Leitão, lead projects aimed at advancing digitalization and intelligent robotics for both academic and industrial applications.
What is the goal of CeDRI?;CeDRI's goal is to advance the field of digitalization and intelligent robotics by developing innovative solutions that improve industrial processes and automation. The center seeks to integrate AI and smart technologies into various industries to boost efficiency, productivity, and sustainability.
Tell me about some international collaborations of IPB;The Polytechnic Institute of Bragança has numerous international collaborations, especially through the Erasmus+ program, enabling student and staff exchanges across Europe and beyond. IPB is also involved in collaborative research projects with universities and research institutions worldwide, enhancing its global presence.
What does Dr. Paulo Leitão's research focus on?;Dr. Paulo Leitão's research focuses on multi-agent systems, cyber-physical systems, and their applications in smart manufacturing and Industry 4.0. His work aims to develop intelligent, decentralized systems that can optimize production processes and enable real-time decision-making in factories.
How is CeDRI shaping the future of Industry 4.0?;CeDRI plays a key role in shaping the future of Industry 4.0 by conducting research in robotics, AI, and digitalization. Its projects focus on making factories smarter and more autonomous through the use of intelligent systems, enabling more efficient production and greater flexibility in industrial operations.
What is IPB's approach to research?;The Polytechnic Institute of Bragança takes an applied research approach, focusing on practical solutions that can be implemented in industry and society. IPB's research centers, including CeDRI, work on real-world challenges, collaborating with international institutions and companies to drive innovation and technology transfer.
Can you tell me about CeDRI’s research focus?;CeDRI, the Research Centre in Digitalization and Intelligent Robotics, focuses on developing scientific knowledge and applying it to industries, particularly in regions with lower population density. Their research covers areas such as Cyber-Physical Systems, the Internet of Things (IoT), Machine Learning, Intelligent Robotics, and Collaborative Robotics. They aim to foster competitiveness and industrial innovation, particularly for small and medium enterprises (SMEs) in underdeveloped regions.
What is the mission of CeDRI?;CeDRI’s mission is to contribute to the development, application, and transfer of knowledge in fields such as robotics, intelligent systems, and digitalization. They focus on enhancing industrial automation and digitalization, with the goal of strengthening both the scientific and technological systems in the region.
Can you tell me about some of the ongoing projects at CeDRI?;CeDRI is involved in various projects, including initiatives like SmartHealth, which uses technology to improve healthcare systems, and GreenHealth, which promotes well-being through digital and biological strategies. Other notable projects include iMath, an intelligent system designed to aid in learning mathematics, and DISRUPTIVE, which works on boosting digital innovation hubs in cross-border regions.
Who leads CeDRI and what is their role?;CeDRI is led by Dr. Professor Paulo Leitão, who is the center's coordinator. He plays a key role in guiding the center’s research agenda and fostering collaborations between academia and industry. He is supported by Ana Isabel Pereira and José Lima, who serve as sub-coordinators.
What topics are studied at CeDRI?;CeDRI’s research spans several key areas, including cyber-physical systems, IoT, cloud computing, machine learning, and advanced data analytics. Their work also covers collaborative robotics, digital twins, simulation, and optimization algorithms, making CeDRI a leader in digitalization and intelligent systems research.
What kind of technologies does CeDRI focus on?;CeDRI is deeply involved in technologies that support the digitalization of industries. They focus on intelligent robotics, cloud computing, edge computing, advanced data analytics, and artificial vision. Their aim is to create innovative systems that drive industrial automation and competitiveness.
How does CeDRI contribute to the local economy?;CeDRI plays a crucial role in enhancing the competitiveness of SMEs in regions with low population density by providing access to industrial innovation through digitalization and intelligent systems. Their research helps foster economic growth in these regions by introducing cutting-edge technologies and solutions.
Tell me about Portugal;Portugal is a country located in southern Europe on the Iberian Peninsula. It is known for its rich history, stunning coastlines, and vibrant culture. Portugal's official language is Portuguese, and its capital city is Lisbon. Famous for its maritime history, Portugal was a leading global power during the Age of Exploration. Today, it is known for its warm climate, delicious cuisine, and as one of the safest countries in the world.
Where is Portugal located?;Portugal is located in southwestern Europe, on the Iberian Peninsula. It is bordered to the west and south by the Atlantic Ocean and to the east and north by Spain. Its strategic location along the Atlantic made it a key player during the Age of Exploration in the 15th and 16th centuries.
What is the culture of Portugal like?;Portugal has a rich and diverse culture that blends historical influences from its maritime past, Roman and Moorish legacies, and its strong ties to Catholicism. Fado music, azulejos (decorative tiles), and Portuguese cuisine like pastel de nata and bacalhau are key elements of Portuguese culture. Festivals, religious celebrations, and a deep connection to the sea also define the cultural landscape.
What is Northeast Portugal known for?;Northeast Portugal, particularly the region of Trás-os-Montes, is known for its rural landscapes, mountains, and traditional agriculture. It has a strong cultural heritage with small villages preserving age-old customs. The region is famous for its olive oil, wine, and unique cuisine, including dishes like posta à mirandesa (Mirandese beef). It is also home to the Douro Valley, a UNESCO World Heritage Site renowned for its wine production.
Can you describe the climate of Northeast Portugal?;Northeast Portugal experiences a continental climate, with hot summers and cold winters. The region, particularly Trás-os-Montes, is more mountainous and isolated, which influences its climate patterns. Summers can be dry and hot, while winters bring colder temperatures, particularly in the higher elevations.
What are the main attractions in Bragança?;Bragança, located in the northeastern region of Portugal, is known for its historical and natural attractions. The medieval Bragança Castle and the Domus Municipalis, a unique Romanesque building, are key landmarks. The Montesinho Natural Park offers scenic landscapes, hiking trails, and rich biodiversity. The city’s old town, with its preserved architecture, also provides insight into Bragança’s history and culture.
Tell me more about the city of Bragança;Bragança is a city in northeastern Portugal and the capital of the district of Bragança. It has a rich history dating back to Roman times and played a key role in the formation of Portugal. Bragança is known for its medieval castle, traditional architecture, and the Montesinho Natural Park. Despite its rural setting, the city is home to modern amenities and educational institutions like the Polytechnic Institute of Bragança.
What is the Montesinho Natural Park?;Montesinho Natural Park is a protected area in the northeastern part of Portugal, near Bragança. It is known for its rugged landscapes, biodiversity, and traditional villages. The park covers around 75,000 hectares and is home to species such as wolves, wild boar, and various birds of prey. It offers opportunities for hiking, wildlife watching, and exploring the rural culture of the region.
What is Trás-os-Montes?;Trás-os-Montes is a historic and largely rural region in the northeastern part of Portugal. The name translates to "Beyond the Mountains," reflecting the area's isolation. Known for its rugged landscapes, it has a rich cultural heritage with traditional customs, cuisine, and agriculture. The region is famous for its olive oil, wine, and meats like Mirandese beef, and it has a strong connection to Portugal’s rural past.
Can you tell me about the economy of Bragança?;The economy of Bragança is primarily based on agriculture, forestry, and tourism. Olive oil, wine, chestnuts, and livestock are some of the main agricultural products. The city also benefits from its proximity to Montesinho Natural Park, which attracts tourists interested in nature and rural tourism. Educational institutions like the Polytechnic Institute of Bragança also contribute to the local economy by drawing students and academic professionals to the area.
What are some traditional foods from Northeast Portugal?;Traditional foods from Northeast Portugal, especially in the Trás-os-Montes region, include dishes like posta à mirandesa (grilled beef steak), alheiras (smoked sausages), and feijoada transmontana (bean stew with meat). Olive oil from the region is highly prized, and the area is known for producing high-quality wines. Chestnuts, a staple in many dishes, and cured meats are also important elements of the local cuisine.
Why should someone visit Bragança?;Bragança is an excellent destination for history enthusiasts, nature lovers, and those seeking a glimpse into traditional Portuguese culture. Visitors can explore Bragança Castle, the historic Domus Municipalis, and the old town’s narrow streets. The nearby Montesinho Natural Park offers outdoor activities like hiking and wildlife watching. Bragança also provides a peaceful escape from the bustling cities, with its rural charm and rich heritage.
How does Northeast Portugal differ from the rest of the country?;Northeast Portugal, particularly the Trás-os-Montes region, is more rural and isolated compared to the coastal and more urbanized parts of Portugal. The region is known for its rugged terrain, traditional villages, and agricultural economy. The climate is also more continental, with hot summers and cold winters, in contrast to the milder climate found in coastal areas.
What role does the Polytechnic Institute of Bragança play in the city?;The Polytechnic Institute of Bragança (IPB) plays a significant role in the city by providing higher education and fostering research in various fields, including engineering, agriculture, and health sciences. IPB is a driver of both the local economy and innovation, attracting students and professionals to Bragança and contributing to the cultural and intellectual life of the city.
What is the mission of the Research and Innovation Laboratory?;The Research and Innovation Laboratory (L2I) at CeDRI is dedicated to supporting research and innovation activities. It provides individual workspaces and essential equipment such as robots, automation controllers, artificial vision systems, and IoT technologies. It supports both software-based and hardware-based research, promoting advanced research and innovation activities.
What equipment is available in the Research and Innovation Laboratory?;The Research and Innovation Laboratory is equipped with robots, automation controllers, artificial vision systems, IoT technologies, a flexible production cell, conveyor belts, robots, pneumatic processing centers, RFID readers, Omron and Schneider PLCs, and a data cluster to support data analysis and big data techniques.
What kind of research is conducted in the Advanced Computing Laboratory?;The Advanced Computing Laboratory focuses on areas such as Parallel and Distributed Computing, High-Performance Computing, Virtualization, Cloud Computing, Deep Learning, Artificial Intelligence, and Big Data. It also supports network management and signal processing activities with access to a new HPC cluster acquired by CeDRI.
What resources are available in the Advanced Computing Laboratory?;The Advanced Computing Laboratory is equipped with 12 state-of-the-art workstations, electrical and network sockets for flexibility, and a dedicated office space for end-of-course or R&D projects. It supports a variety of advanced computing research and development activities.
What research areas are covered in the Computer Graphics and Virtual Environments Laboratory?;The Computer Graphics and Virtual Environments Laboratory (LCGAV) focuses on research and experimentation in computer graphics, image processing, simulation, virtual reality (VR), augmented reality (AR), multimedia systems, and human-machine interfaces. It supports interaction, immersion, and imagination through virtual and augmented environments.
What is the purpose of the Electrical Engineering Laboratory?;The Electrical Engineering Laboratory supports practical classes in electronics, digital systems, ITED/ITUR, instrumentation, and microcontrollers. It provides workstations equipped with DC power sources, signal generators, oscilloscopes, and computers to enable hands-on learning and research in electrical engineering.
What kind of research is conducted in the Infrastructures and Communications Laboratory?;The Infrastructures and Communications Laboratory focuses on areas such as Computer Networks, Communications, Network Systems Management, Cybersecurity, Internet of Things (IoT), and Industrial Communications. It also serves as a CISCO Academy Laboratory supporting network and communications-related research and education.
What equipment is available in the Infrastructures and Communications Laboratory?;The Infrastructures and Communications Laboratory includes 15 workstations supported by two main racks for connectivity, five smaller racks with active network equipment kits, and a dedicated workspace for projects and research in areas such as Computer Systems and Communications.
What is the focus of the Electro Mechatronics Systems Laboratory?;The Electro Mechatronics Systems Laboratory (LSE) focuses on energy conversion concepts and the control of electrical machines. It enables research in renewable energies, supporting classes, and end-of-course work on topics such as photovoltaic solar panels, wind generators, and hydroelectric systems.
What is the role of the flexible production cell in the Research and Innovation Laboratory?;The flexible production cell in the Research and Innovation Laboratory allows for experimentation with developed prototype solutions. It includes conveyor belts, robots, pneumatic processing centers, RFID readers, and other devices that help students and researchers experiment with flexible production systems.
How does the cluster infrastructure support research at CeDRI?;The cluster infrastructure supports complex data analysis, high-performance computing, and the application of big data techniques. It includes computing nodes with CPUs, GPUs, NVMe SSDs, and high-speed Ethernet networks, allowing researchers to deploy deep learning algorithms and handle large datasets.
What makes the Computer Graphics and Virtual Environments Laboratory unique?;The Computer Graphics and Virtual Environments Laboratory is unique because it combines virtual reality (VR) and augmented reality (AR) technologies to create immersive environments. These tools enhance interaction, imagination, and simulation, making it a key lab for research in human-machine interfaces and virtual environments.
What kind of projects are supported by the Advanced Computing Laboratory?;The Advanced Computing Laboratory supports projects in Parallel and Distributed Computing, Big Data, Deep Learning, and High-Performance Computing (HPC). It is closely associated with the management and operation of CeDRI's HPC cluster, providing computational power for complex research projects.
What kind of students benefit from the Electrical Engineering Laboratory?;Students from Electrical Engineering, Mechatronics, and related fields benefit from the Electrical Engineering Laboratory. It offers hands-on learning experiences with equipment like DC power sources, oscilloscopes, and signal generators, helping students understand practical aspects of electrical systems.
What is the main goal of the Infrastructures and Communications Laboratory?;The main goal of the Infrastructures and Communications Laboratory is to support research and education in the areas of Computer Networks, Cybersecurity, and IoT. It provides students and researchers with the tools and resources needed to work on communication infrastructure and network systems.
How does the Electro Mechatronics Systems Laboratory contribute to renewable energy research?;The Electro Mechatronics Systems Laboratory supports renewable energy research by providing facilities for controlling electrical machines and integrating energy from photovoltaic solar panels, wind generators, and hydroelectric systems into the power grid. It helps students and researchers explore energy conversion systems.
What kind of computing capabilities does CeDRI’s cluster offer?;CeDRI's cluster provides high-performance computing (HPC) capabilities with a total CPU frequency of 1032 GHz, 2688 GB of RAM, and 20 TB of secondary storage in SSD format. It supports big data analysis, deep learning algorithms, and complex simulations across various research domains.
What are the areas of expertise in the Computer Graphics and Virtual Environments Laboratory?;The Computer Graphics and Virtual Environments Laboratory specializes in Virtual, Augmented, and Mixed Reality, multimedia systems, computer vision, human-machine interfaces, and process simulation. It allows researchers to explore cutting-edge topics in digital environments and human interaction.
What are the research capabilities of the Advanced Computing Laboratory?;The Advanced Computing Laboratory supports research in High-Performance Computing (HPC), Cloud Computing, Artificial Intelligence, Deep Learning, and Big Data. It provides the infrastructure necessary to handle large-scale data analysis and computational tasks for complex research projects.
What is the role of the data cluster in the Research and Innovation Laboratory?;The data cluster in the Research and Innovation Laboratory supports big data analysis and deep learning by providing high processing power and storage capabilities. It is used to run complex simulations and process large datasets for research activities in digitalization and intelligent robotics.
How does the Advanced Computing Laboratory support deep learning research?;The Advanced Computing Laboratory is equipped with the latest computing technologies, including access to CeDRI's HPC cluster. This allows researchers to work on deep learning models that require extensive computational power, facilitating advancements in AI and data analytics.
What kind of projects can be conducted in the Electrical Engineering Laboratory?;The Electrical Engineering Laboratory supports projects related to electronics, microcontrollers, digital systems, and instrumentation. It provides equipment like signal generators, oscilloscopes, and DC power sources to facilitate practical experiments and research in electrical engineering.
What is the role of virtual reality in the Computer Graphics and Virtual Environments Laboratory?;Virtual reality (VR) in the Computer Graphics and Virtual Environments Laboratory plays a critical role in creating immersive environments for research. It allows students and researchers to explore simulation, human-machine interfaces, and interactive digital environments, supporting innovative research in multiple fields.
How does the Infrastructures and Communications Laboratory support network research?;The Infrastructures and Communications Laboratory supports network research by providing active network equipment, CISCO Academy resources, and hands-on experimentation in areas like cybersecurity, IoT, and computer networks. It enables research in communication systems and advanced networking technologies.
How does the Electro Mechatronics Systems Laboratory contribute to electrical engineering research?;The Electro Mechatronics Systems Laboratory contributes to electrical engineering research by providing tools and facilities for controlling electrical machines and integrating renewable energy systems. It allows students to explore power electronics and energy conversion technologies through practical applications.
What makes the Advanced Computing Laboratory essential for big data research?;The Advanced Computing Laboratory is essential for big data research because it provides access to high-performance computing (HPC), cloud computing resources, and data analysis tools. Researchers can work on complex datasets and deploy machine learning algorithms, making it a key facility for data-intensive projects.
How does the Research and Innovation Laboratory support IoT research?;The Research and Innovation Laboratory supports IoT research with equipment like IoT technologies, automation controllers, and artificial vision systems. Researchers can experiment with IoT-enabled devices and develop solutions for real-world applications in smart industries and connected environments.
What is the significance of augmented reality in the Computer Graphics and Virtual Environments Laboratory?;Augmented reality (AR) in the Computer Graphics and Virtual Environments Laboratory enables the combination of real-world environments with digital elements. This technology is used for research in simulation, multimedia systems, and human-machine interfaces, offering immersive experiences in research and development.
What areas of expertise are supported by the Infrastructures and Communications Laboratory?;The Infrastructures and Communications Laboratory supports expertise in areas such as Computer Networks, Cybersecurity, Industrial Communications, IoT, and Network Systems Management. It provides the infrastructure needed for research and education in communication technologies.
What kind of renewable energy systems are researched in the Electro Mechatronics Systems Laboratory?;The Electro Mechatronics Systems Laboratory researches renewable energy systems, including photovoltaic solar panels, wind generators, and hydroelectric generators. It focuses on energy conversion, electrical machine control, and grid power injection, providing hands-on experience in renewable energy technologies.
How does the cluster infrastructure support machine learning research at CeDRI?;CeDRI's cluster infrastructure supports machine learning research by providing high-performance computing resources necessary for processing large datasets and deploying complex algorithms. It allows researchers to experiment with deep learning models and optimize them for various industrial and scientific applications.